Name,Created,Tags
"Город, построенный вокруг мирового древа [900₽]","March 14, 2025 12:31 PM",
Flat watercolor [900₽],"March 14, 2025 12:36 PM",
Поселение на парящей скале [900₽],"March 14, 2025 12:59 PM",
Детальный город в изометрии [1100₽],"March 14, 2025 12:17 PM",
Изометрия [1100₽],"March 14, 2025 12:31 PM",
"Город волшебников, изометрия [1200₽]","March 14, 2025 12:53 PM",
Псевдо-эллинский город [1400₽],"March 14, 2025 12:55 PM",
"“Город тыквенного короля” в полом дереве, стилизованный, в изометрии [1800₽]","March 14, 2025 1:06 PM",
Столица [2000₽],"March 14, 2025 12:18 PM",
Большая столица [2500₽],"March 14, 2025 12:40 PM",
"Большая столица, изометрия [2600₽]","March 14, 2025 1:03 PM",